{
  "groupMap": {
    "1": {
      "id": 1,
      "name": "<STL_BINARY>",
      "collisionGroup": "other",
      "collidesWith": [
        "default"
      ],
      "mass": 1,
      "fixed": true,
      "position": {
        "x": -2.8862550258636475,
        "y": 7.820146083831787,
        "z": 5.408148288726807
      },
      "rotation": {
        "_x": -1.5805318988786117,
        "_y": -0.003860111941379603,
        "_z": 2.967077073827485,
        "_order": "XYZ"
      }
    },
    "2": {
      "id": 2,
      "name": "<STL_BINARY>",
      "collisionGroup": "default",
      "collidesWith": [
        "default"
      ],
      "mass": 1,
      "fixed": false,
      "position": {
        "x": -3.253736734390259,
        "y": 12.123677253723145,
        "z": -2.138383388519287
      },
      "rotation": {
        "_x": 1.0818236753850017,
        "_y": -0.07771362082274508,
        "_z": -2.985130472987525,
        "_order": "XYZ"
      }
    },
    "3": {
      "id": 3,
      "name": "<STL_BINARY>",
      "collisionGroup": "default",
      "collidesWith": [
        "default"
      ],
      "mass": 1,
      "fixed": false,
      "position": {
        "x": -1.7294796705245972,
        "y": 3.2724709510803223,
        "z": 1.8963441848754883
      },
      "rotation": {
        "_x": 1.1915262240755633,
        "_y": 0.05112868676074793,
        "_z": -0.38855843412349156,
        "_order": "XYZ"
      }
    }
  },
  "groups": [
    1,
    2,
    3
  ],
  "constraints": [
    {
      "groupA": 1,
      "groupB": 2,
      "vertexA": [
        1.6482347265473407,
        8.345751006746378,
        4.378182973955695
      ],
      "vertexB": [
        1.6482347265473407,
        -7.401959411954796,
        4.378182973955695
      ],
      "$type": "PathConstraint"
    },
    {
      "groupA": 2,
      "groupB": 3,
      "pointA": [
        -0.14685349668373823,
        1.750070447012455,
        3.105974560770392
      ],
      "pointB": [
        -0.25266573408549264,
        -2.074310278216317,
        -6.478990554444766
      ],
      "$type": "BallConstraint"
    }
  ]
}