{
	 "rootnode": {
		 "name": "Truncated octahedron.obj"
		,"transformation": [
			 1
			,0
			,0
			,0
			,0
			,1
			,0
			,0
			,0
			,0
			,1
			,0
			,0
			,0
			,0
			,1
		]
		,"children": [
			{
				 "name": "Mesh1_Model.006"
				,"transformation": [
					 1
					,0
					,0
					,0
					,0
					,1
					,0
					,0
					,0
					,0
					,1
					,0
					,0
					,0
					,0
					,1
				]
				,"meshes": [
					 0
				]
			}
		]
	}
	,"flags": 8
	,"meshes": [
		{
			 "name": ""
			,"materialindex": 0
			,"primitivetypes": 4
			,"vertices": [
				 -0
				,1.00006
				,-0.499915
				,-0.499925
				,1.00006
				,1e-05
				,-0
				,1.00006
				,0.499934
				,0.499924
				,1.00006
				,1e-05
				,-0.499925
				,-1.3e-05
				,-1.00007
				,-1.00007
				,-1.3e-05
				,-0.499915
				,-1.00007
				,0.499911
				,1e-05
				,-0.499925
				,1.00006
				,1e-05
				,-0
				,1.00006
				,-0.499915
				,-0
				,0.499911
				,-1.00007
				,-0
				,-0.499938
				,-1.00007
				,-0
				,-1
				,-0.499999
				,-0.50001
				,-1
				,1e-05
				,-1.00007
				,-0.499938
				,1e-05
				,-1.00007
				,-1.3e-05
				,-0.499915
				,-0.499925
				,-1.3e-05
				,-1.00007
				,1.00007
				,-0.499938
				,1e-05
				,0.500009
				,-1
				,1e-05
				,-0
				,-1
				,-0.499999
				,-0
				,-0.499938
				,-1.00007
				,0.499924
				,-1.3e-05
				,-1.00007
				,1.00007
				,-1.3e-05
				,-0.499915
				,-0
				,-0.499994
				,1.00003
				,-0
				,-1
				,0.500019
				,0.500009
				,-1
				,1e-05
				,1.00007
				,-0.499938
				,1e-05
				,1.00007
				,-1.3e-05
				,0.499934
				,0.499981
				,-1.3e-05
				,1.00003
				,-1.00007
				,-0.499938
				,1e-05
				,-0.50001
				,-1
				,1e-05
				,-0
				,-1
				,0.500019
				,-0
				,-0.499994
				,1.00003
				,-0.499982
				,-1.3e-05
				,1.00003
				,-1.00007
				,-1.3e-05
				,0.499934
				,-0
				,-1
				,0.500019
				,-0.50001
				,-1
				,1e-05
				,-0
				,-1
				,-0.499999
				,0.500009
				,-1
				,1e-05
				,-0.499982
				,-1.3e-05
				,1.00003
				,-0
				,-0.499994
				,1.00003
				,0.499981
				,-1.3e-05
				,1.00003
				,-0
				,0.499968
				,1.00003
				,0.499981
				,-1.3e-05
				,1.00003
				,1.00007
				,-1.3e-05
				,0.499934
				,1.00007
				,0.499911
				,1e-05
				,0.499924
				,1.00006
				,1e-05
				,-0
				,1.00006
				,0.499934
				,-0
				,0.499968
				,1.00003
				,1.00007
				,-1.3e-05
				,-0.499915
				,1.00007
				,0.499911
				,1e-05
				,1.00007
				,-1.3e-05
				,0.499934
				,1.00007
				,-0.499938
				,1e-05
				,0.499924
				,1.00006
				,1e-05
				,1.00007
				,0.499911
				,1e-05
				,1.00007
				,-1.3e-05
				,-0.499915
				,0.499924
				,-1.3e-05
				,-1.00007
				,-0
				,0.499911
				,-1.00007
				,-0
				,1.00006
				,-0.499915
				,-0
				,0.499911
				,-1.00007
				,0.499924
				,-1.3e-05
				,-1.00007
				,-0
				,-0.499938
				,-1.00007
				,-0.499925
				,-1.3e-05
				,-1.00007
				,-0.499925
				,1.00006
				,1e-05
				,-1.00007
				,0.499911
				,1e-05
				,-1.00007
				,-1.3e-05
				,0.499934
				,-0.499982
				,-1.3e-05
				,1.00003
				,-0
				,0.499968
				,1.00003
				,-0
				,1.00006
				,0.499934
				,-1.00007
				,-1.3e-05
				,-0.499915
				,-1.00007
				,-0.499938
				,1e-05
				,-1.00007
				,-1.3e-05
				,0.499934
				,-1.00007
				,0.499911
				,1e-05
			]
			,"normals": [
				 0
				,1
				,-0
				,0
				,1
				,-0
				,0
				,1
				,-0
				,0
				,1
				,-0
				,-0.5774
				,0.5774
				,-0.5773
				,-0.5774
				,0.5774
				,-0.5773
				,-0.5774
				,0.5774
				,-0.5773
				,-0.5774
				,0.5774
				,-0.5773
				,-0.5774
				,0.5774
				,-0.5773
				,-0.5774
				,0.5774
				,-0.5773
				,-0.5774
				,-0.5774
				,-0.5773
				,-0.5774
				,-0.5774
				,-0.5773
				,-0.5774
				,-0.5774
				,-0.5773
				,-0.5774
				,-0.5774
				,-0.5773
				,-0.5774
				,-0.5774
				,-0.5773
				,-0.5774
				,-0.5774
				,-0.5773
				,0.5773
				,-0.5774
				,-0.5773
				,0.5773
				,-0.5774
				,-0.5773
				,0.5773
				,-0.5774
				,-0.5773
				,0.5773
				,-0.5774
				,-0.5773
				,0.5773
				,-0.5774
				,-0.5773
				,0.5773
				,-0.5774
				,-0.5773
				,0.5773
				,-0.5774
				,0.5774
				,0.5773
				,-0.5774
				,0.5774
				,0.5773
				,-0.5774
				,0.5774
				,0.5773
				,-0.5774
				,0.5774
				,0.5773
				,-0.5774
				,0.5774
				,0.5773
				,-0.5774
				,0.5774
				,-0.5773
				,-0.5774
				,0.5774
				,-0.5773
				,-0.5774
				,0.5774
				,-0.5773
				,-0.5774
				,0.5774
				,-0.5773
				,-0.5774
				,0.5774
				,-0.5773
				,-0.5774
				,0.5774
				,-0.5773
				,-0.5774
				,0.5774
				,0
				,-1
				,-0
				,0
				,-1
				,-0
				,0
				,-1
				,-0
				,0
				,-1
				,-0
				,-0
				,-0
				,1
				,-0
				,-0
				,1
				,-0
				,-0
				,1
				,-0
				,-0
				,1
				,0.5773
				,0.5773
				,0.5774
				,0.5773
				,0.5773
				,0.5774
				,0.5773
				,0.5773
				,0.5774
				,0.5773
				,0.5773
				,0.5774
				,0.5773
				,0.5773
				,0.5774
				,0.5773
				,0.5773
				,0.5774
				,1
				,0
				,0
				,1
				,0
				,0
				,1
				,0
				,0
				,1
				,0
				,0
				,0.5774
				,0.5774
				,-0.5773
				,0.5774
				,0.5774
				,-0.5773
				,0.5774
				,0.5774
				,-0.5773
				,0.5774
				,0.5774
				,-0.5773
				,0.5774
				,0.5774
				,-0.5773
				,0.5774
				,0.5774
				,-0.5773
				,0
				,0
				,-1
				,0
				,0
				,-1
				,0
				,0
				,-1
				,0
				,0
				,-1
				,-0.5773
				,0.5773
				,0.5774
				,-0.5773
				,0.5773
				,0.5774
				,-0.5773
				,0.5773
				,0.5774
				,-0.5773
				,0.5773
				,0.5774
				,-0.5773
				,0.5773
				,0.5774
				,-0.5773
				,0.5773
				,0.5774
				,-1
				,0
				,0
				,-1
				,0
				,0
				,-1
				,0
				,0
				,-1
				,0
				,0
			]
			,